id,ad_title,city,state,country,currency_symbol,category,subcategory,skuid,mrp,sellingprice,countryoforigin,manufacturername,packerdetails,additionaldescription,searchkeywords,keyfeatures,videourl,quantity,postalcode,salespackage,brand,condition,isvariant,updated_at_product,rejection_reason,images,width,length,height,weight,product_ship_from,estimate_delivery_by,nested_subcat,nested_subcat_slug,additonal_condition,mogadishudistrict_ship_from,product_policy_id,attributes_specification
101672,A-1 PRODUCTS Hose End #10 120 Degree Swivel,,Maharashtra,India,USD,Electronic Accessories,Laptop Bags & Sleeves,AAA01210,22.99,22.99,USA,A1P01210,Auto Mobile parts,Fitting - Hose End - 200 Series - 120 Degree - 10 AN Hose to 10 AN Female - Aluminum - Blue / Red Anodized - Each,"fitting, hose end, 200 series, 120 degree, 10 AN hose, 10 AN female, aluminum, blue, red anodized, each","Easily connect your hoses at a 120-degree angle using our high-quality 200 series hose end fitting. Featuring 10 AN hose to 10 AN female connections, this fitting is made of aluminum and is available in blue or red anodized finishes.",Anything,3,,Parts,A-1 PRODUCTS,New,,Thu Feb 01 2024 11:35:13 GMT+0530 (India Standard Time),,products/a54e43f5-4801-4a71-af2d-7c64f451b940_1706677617804_AAA01210.jpg,0,0,0,0,,,,,,,,{}
101731,A-1 PRODUCTS Hose End #6 Straight ,,Maharashtra,India,USD,Electronic Accessories,Laptop Bags & Sleeves,AAA0000612,8.99,8.99,USA,A1P00006,Auto Mobile parts,Fitting - Hose End - 200 Series - Straight - 6 AN Hose to 6 AN Female - Aluminum - Blue / Red Anodized - Each,"fitting, hose end, 200 series, straight, 6 AN hose, 6 AN female, aluminum, blue, red anodized, each","Connect your hoses with ease using our high-quality 200 series straight hose end fitting. Featuring 6 AN hose to 6 AN female connections, this fitting is made of aluminum and is available in blue or red anodized finishes.""",Anything,4,,Parts,A-1 PRODUCTS,New,,Thu Feb 01 2024 11:35:13 GMT+0530 (India Standard Time),,products/f0b9cc6a-025d-4ede-9936-346f60cb34f5_1706677617785_AAA00006.jpg,0,0,0,0,,,,,,,,{}
101732,A-1 PRODUCTS Adapter Straight #8 Flare 1/4in NPT,,Maharashtra,India,USD,Electronic Accessories,Laptop Bags & Sleeves,AAA81607,6.99,6.99,USA,A1P81607,Auto Mobile parts,Fitting - Adapter - Straight - 8 AN Male to 1/4 in NPT Male - Aluminum - Blue Anodized - Each,"AN male to NPT male adapter
Aluminum fitting adapter
Blue anodized fitting adapter
Straight fitting adapter
High-quality fitting adapter","Our 8 AN male to 1/4 in NPT male straight fitting adapter is perfect for your aluminum piping needs. Each piece is lightweight, durable, and stylish with a blue anodized finish. Order yours today",Anything,4,,,A-1 PRODUCTS,New,,Thu Feb 01 2024 11:35:13 GMT+0530 (India Standard Time),,products/5b880411-0a28-4d39-98cd-9d7e24c2b0f0_1706677617960_AAA81607.jpg,0,0,0,0,,,,,,,,{}
101678,A-1 PRODUCTS Wheel Adp.5x4.5 > Wide 5 ,,Maharashtra,India,USD,Electronic Accessories,Laptop Bags & Sleeves,AAA12800,74.99,74.99,USA,A1-12800,Auto Mobile parts,Wheel Adapter - 5 x 4.50 in Hub to Wide 5 Wheel - 5/8-11 in Stud Thread - 3/8 in Thick - Aluminum - Each,Wheel Adapter - 5 x 4.50 in Hub to Wide 5 Wheel - 5/8-11 in Stud Thread - 3/8 in Thick - Aluminum - Each,"Easily upgrade your wheel with our Wheel Adapter. 5 x 4.50 inch hub to Wide 5 wheel, with 5/8-11 inch stud thread and 3/8 inch thickness. Made from aluminum. Order now",Anything,1,,,A-1 PRODUCTS,New,,Thu Feb 01 2024 11:35:13 GMT+0530 (India Standard Time),,products/b251ac53-10bd-45fc-9641-821893084015_1706677617933_AAA12800.jpg,0,0,0,0,,,,,,,,{}
101733,A-1 PRODUCTS Adapter Straight #4 Flare 1/8in NPT,,Maharashtra,India,USD,Electronic Accessories,Laptop Bags & Sleeves,AAA81604,4.99,4.99,USA,A1P81604,Auto Mobile parts,Fitting - Adapter - Straight - 4 AN Male to 1/8 in NPT Male - Aluminum - Blue Anodized - Each,"AN male to NPT male adapter
Aluminum fitting adapter
Blue anodized fitting adapter
Straight fitting adapter
High-quality fitting adapter",Our 4 AN male to 1/8 in NPT male straight fitting adapter is made of high-quality aluminum with a blue anodized finish. Get a secure and stylish connection for your piping with each individual piece.,Anything,9,,,A-1 PRODUCTS,New,,Thu Feb 01 2024 11:35:13 GMT+0530 (India Standard Time),,products/e9bb550b-3521-4e8a-95ff-e6c0b9445725_1706677617854_AAA81604.jpg,0,0,0,0,,,,,,,,{}
101671,A-1 PRODUCTS 3/4 to 1/2 Reducer Bushi ,,Maharashtra,India,USD,Electronic Accessories,Laptop Bags & Sleeves,AAA10470,3.63,3.63,USA,A1-10470,Auto Mobile parts,Reducer Bushing - 3/4 in OD to 1/2 in ID - Each,"reducer bushing, 3/4 in OD, 1/2 in ID, each",Reduce the size of your fittings with this high-quality reducer bushing. This bushing features a 3/4 in OD to 1/2 in ID reduction and is sold individually.,Anything,19,,Parts,A-1 PRODUCTS,New,,Thu Feb 01 2024 11:35:13 GMT+0530 (India Standard Time),,products/8781c09a-592c-4628-9637-e1f1a8b46a3d_1706677617957_AAA10470.jpg,0,0,0,0,,,,,,,,{}
101687,A-1 PRODUCTS 7/16-24 to #4 Stl Invert Male Flare Adapter,,Maharashtra,India,USD,Electronic Accessories,Laptop Bags & Sleeves,AAA1071604,6.99,6.99,USA,A1P1071604,Auto Mobile parts,Fitting - Adapter - Straight - 4 AN Male to 7/16-24 in Inverted Flare Male - Steel - Cadmium - Hardline - Each,"fitting, adapter, straight, 4 AN male, 7/16-24 in inverted flare male, steel, cadmium, hardline, each","Connect your hoses with ease using our straight adapter fitting. This fitting features a 4 AN male to 7/16-24 in inverted flare male connection, is made of steel with a cadmium finish, and is ideal for hardline.",Anything,0,,Parts,A-1 PRODUCTS,New,,Thu Feb 01 2024 11:35:13 GMT+0530 (India Standard Time),,products/9a47f8fe-496c-470e-af8d-d12c10a12268_1706677617836_AAA1071604.jpg,0,0,0,0,,,,,,,,{}
101684,A-1 PRODUCTS Hose End #12 Straight ,,Maharashtra,India,USD,Electronic Accessories,Laptop Bags & Sleeves,AAA00012,13.99,13.99,USA,A1P00012,Auto Mobile parts,Fitting - Hose End - 200 Series - Straight - 12 AN Hose to 12 AN Female - Aluminum - Blue / Red Anodized - Each,"fitting, hose end, 200 series, straight, 12 AN hose, 12 AN female, aluminum, blue, red anodized, each","Connect your hoses with ease using our high-quality 200 series straight hose end fitting. Featuring 12 AN hose to 12 AN female connections, this fitting is made of aluminum and is available in blue or red anodized finishes.""",Anything,4,,Parts,A-1 PRODUCTS,New,,Thu Feb 01 2024 11:35:13 GMT+0530 (India Standard Time),,products/5bd4d76b-7a8f-4028-8932-443096582460_1706677617766_AAA00012.jpg,0,0,0,0,,,,,,,,{}
101688,A-1 PRODUCTS Hose End #8 45 Degree Swivel,,Maharashtra,India,USD,Electronic Accessories,Laptop Bags & Sleeves,AAA04508,16.99,16.99,USA,A1P04508,Auto Mobile parts,Fitting - Hose End - 200 Series - 45 Degree - 8 AN Hose to 8 AN Female - Aluminum - Blue / Red Anodized - Each,"fitting, hose end, 200 series, 45 degree, 8 AN hose, 8 AN female, aluminum, blue, red anodized, each","Easily connect your hoses at a 45-degree angle using our high-quality 200 series hose end fitting. Featuring 8 AN hose to 8 AN female connections, this fitting is made of aluminum and is available in blue or red anodized finishes",Anything,4,,Parts,A-1 PRODUCTS,New,,Thu Feb 01 2024 11:34:50 GMT+0530 (India Standard Time),,products/e6482dfc-5686-4a9e-a89b-14328dca8695_1706677617786_AAA04508.jpg,0,0,0,0,,,,,,,,{}
101669,New Product,,Maharashtra,India,USD,Electronics DATA,xDAS,SKSAH121,200.00,100.00,India,ss,s, ,,,,12,,s,,New,Simple,Thu Feb 01 2024 11:34:50 GMT+0530 (India Standard Time),,"products/a4303870-ec37-4b66-bb34-142af103bacc_motel.png,products/45c96d76-23f7-49cc-90d7-111044ed17f3_popeyes.png",1,1,1,1,,,CHECKING,,Brand New,KAARAN,,"{""specificaitons"":[{""label"":""sa"",""Value"":""saa""}]}"
101722,A-1 PRODUCTS AN-12 Poly Washer (2pk) ,,Maharashtra,India,USD,Electronics DATA,xDAS,AAA250412,6.99,6.99,USA,A1P250412,Auto Mobile parts,Sealing Washer - 12 AN - Nylon - Pair,"12 AN Sealing Washer, Nylon Sealing Washer, Pair of Sealing Washers",A pair of 12 AN Nylon Sealing Washers for a leak-free seal in your fluid system. High-quality construction ensures durability and longevity.,Anything,9,,,A-1 PRODUCTS,New,,Thu Feb 01 2024 11:34:50 GMT+0530 (India Standard Time),,products/e3aed821-1abb-4c33-a41e-7f5434257c20_1706677617875_AAA250412.jpg,0,0,0,0,,,,checking,,,,{}
101679,A-1 PRODUCTS 5/8 to 1/2 Reducer Bushi ,,Maharashtra,India,USD,Electronic Accessories,Laptop Bags & Sleeves,AAA10465,3.35,3.35,USA,A1-10465,Auto Mobile parts,Reducer Bushing - 5/8 in OD to 1/2 in ID - Each,"reducer bushing, 5/8 in OD, 1/2 in ID, each",Reduce the size of your fittings with this high-quality reducer bushing. This bushing features a 5/8 in OD to 1/2 in ID reduction and is sold individually.,Anything,20,,Parts,A-1 PRODUCTS,New,,Thu Feb 01 2024 11:32:42 GMT+0530 (India Standard Time),,products/cbdd2f24-29ef-45a7-955c-49a3f8c901b8_1706677617805_AAA10465.jpg,0,0,0,0,,,,,,,,{}
101682,A-1 PRODUCTS 2.5in C/O Kit Koni 60 Deg Top 5in Sleeve,,Maharashtra,India,USD,Electronic Accessories,Laptop Bags & Sleeves,AAA12432,55.99,55.99,USA,A1-12432,Auto Mobile parts,Coil-Over Kit - 2.500 in ID Spring - 5 in Sleeve - Aluminum - Black / Gold Anodized - Koni 30 Series Shocks - Kit,Coil-Over Kit - 2.5 in ID Spring - 5 in Sleeve - Koni 30 Series Shocks,"Enhance your vehicle's handling with this high-performance coil-over kit, featuring a 2.5 in ID spring and a 5 in sleeve, paired with Koni 30 Series Shocks for optimal performance.",Anything,1,,,A-1 PRODUCTS,New,,Wed Jan 31 2024 10:36:56 GMT+0530 (India Standard Time),,products/77de972f-7627-4ece-b8e9-1486419c68d9_1706677617831_AAA12432.jpg,0,0,0,0,,,,,,,,{}
101695,A-1 PRODUCTS Hose End #12 90 Degree Swivel,,Maharashtra,India,USD,Electronic Accessories,Laptop Bags & Sleeves,AAA09012,24.99,24.99,USA,A1P09012,Auto Mobile parts,Fitting - Hose End - 200 Series - 90 Degree - 12 AN Hose to 12 AN Female - Aluminum - Blue / Red Anodized - Each,"fitting, hose end, 200 series, 90 degree, 12 AN hose, 12 AN female, aluminum, blue, red anodized, each","Easily connect your hoses at a 90-degree angle using our high-quality 200 series hose end fitting. Featuring 12 AN hose to 12 AN female connections, this fitting is made of aluminum and is available in blue or red anodized finishes.",Anything,8,,Parts,A-1 PRODUCTS,New,,Wed Jan 31 2024 10:36:56 GMT+0530 (India Standard Time),,products/72b0890a-3847-4677-a991-66a5aecd06c1_1706677617761_AAA09012.jpg,0,0,0,0,,,,,,,,{}
101714,A-1 PRODUCTS #10 O-Ring Boss Plug ,,Maharashtra,India,USD,Electronic Accessories,Laptop Bags & Sleeves,AAA81410,6.99,6.99,USA,A1P81410,Auto Mobile parts,Fitting - Plug - 10 AN - O-Ring - Hex Head - Aluminum - Blue Anodized - Each,"AN fittings, hex head plugs, aluminum plugs, blue anodized, o-ring seals","Shop our selection of high-quality AN fittings, hex head plugs, aluminum plugs with blue anodized finish and o-ring seals. Available in size 10 AN.Order now!",Anything,15,,,A-1 PRODUCTS,New,,Wed Jan 31 2024 10:36:56 GMT+0530 (India Standard Time),,products/373c3399-20ba-4e61-bac8-09838f714ff9_1706677617797_AAA81410.jpg,0,0,0,0,,,,,,,,{}
101690,A-1 PRODUCTS Hose End #8 90 Degree Swivel,,Maharashtra,India,USD,Electronic Accessories,Laptop Bags & Sleeves,AAA09008,18.99,18.99,USA,A1P09008,Auto Mobile parts,Fitting - Hose End - 200 Series - 90 Degree - 8 AN Hose to 8 AN Female - Aluminum - Blue / Red Anodized - Each,"fitting, hose end, 200 series, 90 degree, 8 AN hose, 8 AN female, aluminum, blue, red anodized, each","Easily connect your hoses at a 90-degree angle using our high-quality 200 series hose end fitting. Featuring 8 AN hose to 8 AN female connections, this fitting is made of aluminum and is available in blue or red anodized finishes.",Anything,19,,Parts,A-1 PRODUCTS,New,,Wed Jan 31 2024 10:36:56 GMT+0530 (India Standard Time),,products/a0d2a8de-d5b1-4105-9ff0-984cbc2a31eb_1706677617899_AAA09008.jpg,0,0,0,0,,,,,,,,{}
101709,A-1 PRODUCTS Hose End #8 180 Degree Swivel,,Maharashtra,India,USD,Electronic Accessories,Laptop Bags & Sleeves,AAA01808,27.99,27.99,USA,A1P01808,Auto Mobile parts,Fitting - Hose End - 200 Series - 180 Degree - 8 AN Hose to 8 AN Female - Aluminum - Blue / Red Anodized - Each,"fitting, hose end, 200 series, 180 degree, 8 AN hose, 8 AN female, aluminum, blue, red anodized, each","Easily connect your hoses at a 180-degree angle using our high-quality 200 series hose end fitting. Featuring 8 AN hose to 8 AN female connections, this fitting is made of aluminum and is available in blue or red anodized finishes",Anything,1,,Parts,A-1 PRODUCTS,New,,Wed Jan 31 2024 10:36:56 GMT+0530 (India Standard Time),,products/658b7eb9-edd7-42c7-ac7b-7639b3dbd897_1706677617834_AAA01808.jpg,0,0,0,0,,,,,,,,{}
101703,A-1 PRODUCTS Hose End #16 45 Degree Swivel,,Maharashtra,India,USD,Electronic Accessories,Laptop Bags & Sleeves,AAA04516,45.99,45.99,USA,A1P04516,Auto Mobile parts,Fitting - Hose End - 200 Series - 45 Degree - 16 AN Hose to 16 AN Female - Aluminum - Blue / Red Anodized - Each,"fitting, hose end, 200 series, 45 degree, 16 AN hose, 16 AN female, aluminum, blue, red anodized, each","Easily connect your hoses at a 45-degree angle using our high-quality 200 series hose end fitting. Featuring 16 AN hose to 16 AN female connections, this fitting is made of aluminum and is available in blue or red anodized finishes",Anything,1,,Parts,A-1 PRODUCTS,New,,Wed Jan 31 2024 10:36:56 GMT+0530 (India Standard Time),,products/bc8f16e0-701c-4b9c-ae26-b2aa1f8261a7_1706677617880_AAA04516.jpg,0,0,0,0,,,,,,,,{}
101680,A-1 PRODUCTS Hose End #16 Straight ,,Maharashtra,India,USD,Electronic Accessories,Laptop Bags & Sleeves,AAA00016,22.99,22.99,USA,A1P00016,Auto Mobile parts,Fitting - Hose End - 200 Series - Straight - 16 AN Hose to 16 AN Female - Aluminum - Blue / Red Anodized - Each,"fitting, hose end, 200 series, straight, 16 AN hose, 16 AN female, aluminum, blue, red anodized, each","Connect your hoses with ease using our high-quality 200 series straight hose end fitting. Featuring 16 AN hose to 16 AN female connections, this fitting is made of aluminum and is available in blue or red anodized finishes.""",Anything,3,,Parts,A-1 PRODUCTS,New,,Thu Feb 01 2024 11:32:42 GMT+0530 (India Standard Time),,products/604ba379-967a-4b95-939b-f19849e5e6ec_1706677617737_AAA00016.jpg,0,0,0,0,,,,,,,,{}
101719,A-1 PRODUCTS AN-6 Poly Washer 2pcs ,,Maharashtra,India,USD,Electronics DATA,xDAS,AAA250406,3.99,3.99,USA,A1P250406,Auto Mobile parts,Sealing Washer - 6 AN - Nylon - Pair,"6 AN Sealing Washer, Nylon Sealing Washer, Pair of Sealing Washers",A pair of 6 AN Nylon Sealing Washers for a leak-free seal in your fluid system. High-quality construction ensures durability and longevity.,Anything,31,,,A-1 PRODUCTS,New,,Thu Feb 01 2024 11:32:42 GMT+0530 (India Standard Time),,products/d7f1d11f-8777-475b-a4a6-e98a5b61e512_1706677617939_AAA250406.jpg,0,0,0,0,,,,,,,,{}
101720,A-1 PRODUCTS 2.5in C/O Kit Koni 60 Deg Top 7in Sleeve,,Maharashtra,India,USD,Electronics DATA,xDAS,AAA12433,58.99,58.99,USA,A1-12433,Auto Mobile parts,Coil-Over Kit - 2.500 in ID Spring - 7 in Sleeve - Aluminum - Black / Gold Anodized - Koni 30 Series Shocks - Kit,Coil-Over Kit - 2.5 in ID Spring - 7 in Sleeve - Koni 30 Series Shocks,"Upgrade your vehicle's suspension with this top-quality coil-over kit, featuring a 2.5 in ID spring and a 7 in sleeve, paired with Koni 30 Series Shocks for maximum performance.",Anything,6,,,A-1 PRODUCTS,New,,Thu Feb 01 2024 11:35:44 GMT+0530 (India Standard Time),,products/83076b6a-7a36-4c09-852a-ef563ec6aa1b_1706677617833_AAA12433.jpg,0,0,0,0,,,,,,,,{}
101707,A-1 PRODUCTS #6 O-Ring Boss Plug ,,Maharashtra,India,USD,Electronic Accessories,Laptop Bags & Sleeves,AAA81406,4.99,4.99,USA,A1P81406,Auto Mobile parts,Fitting - Plug - 6 AN - O-Ring - Hex Head - Aluminum - Blue Anodized - Each,"AN fittings, hex head plugs, aluminum plugs, blue anodized, o-ring seals","Shop our selection of high-quality AN fittings, hex head plugs, aluminum plugs with blue anodized finish and o-ring seals. Available in size 6 AN.Order now!",Anything,2,,,A-1 PRODUCTS,New,,Thu Feb 01 2024 11:35:44 GMT+0530 (India Standard Time),,products/3426cd2c-9a28-429d-b387-8ca960caad65_1706677617807_AAA81406.jpg,0,0,0,0,,,,,,,,{}
101686,A-1 PRODUCTS 3/8-24 to #4 Stl Invertd Male Flare Adapter,,Maharashtra,India,USD,Electronic Accessories,Laptop Bags & Sleeves,AAA1032404,6.99,6.99,USA,A1P1032404,Auto Mobile parts,Fitting - Adapter - Straight - 4 AN Male to 3/8-24 in Inverted Flare Male - Steel - Cadmium - 3/16 in Hardline - Each,"fitting, adapter, straight, 4 AN male, 3/8-24 in inverted flare male, steel, cadmium, 3/16 in hardline, each","Easily connect your hoses with this straight adapter fitting. Featuring a 4 AN male to 3/8-24 in inverted flare male connection, this fitting is made of steel with a cadmium finish and is ideal for 3/16 in hardline",Anything,4,,Parts,A-1 PRODUCTS,New,,Thu Feb 01 2024 11:35:44 GMT+0530 (India Standard Time),,products/918d4484-dd21-4eba-8961-da96044cade6_1706677617738_AAA1032404.jpg,0,0,0,0,,,,,,,,{}
101693,A-1 PRODUCTS 7/16-20 to #3 Stl Invert Male Flare Adapter,,Maharashtra,India,USD,Electronic Accessories,Laptop Bags & Sleeves,AAA1072003,6.99,6.99,USA,A1P1072003,Auto Mobile parts,Fitting - Adapter - Straight - 3 AN Male to 7/16-20 in Inverted Flare Male - Steel - Cadmium - Hardline - Each,,,Anything,1,,,A-1 PRODUCTS,New,,Thu Feb 01 2024 11:35:44 GMT+0530 (India Standard Time),,products/97131a84-ddc8-4881-80e3-b9507e644d84_1706677617853_AAA1072003.jpg,0,0,0,0,,,,,,,,{}
101710,A-1 PRODUCTS #12 O-Ring Boss Plug ,,Maharashtra,India,USD,Electronic Accessories,Laptop Bags & Sleeves,AAA81412,7.99,7.99,USA,A1P81412,Auto Mobile parts,Fitting - Plug - 12 AN - O-Ring - Hex Head - Aluminum - Blue Anodized - Each,"AN fittings, hex head plugs, aluminum plugs, blue anodized, o-ring seals","Shop our selection of high-quality AN fittings, hex head plugs, aluminum plugs with blue anodized finish and o-ring seals. Available in size 12 AN.Order now!",Anything,0,,,A-1 PRODUCTS,New,,Wed Jan 31 2024 10:36:56 GMT+0530 (India Standard Time),,products/614b2872-9263-4aad-ba64-3bc408851ce2_1706677617898_AAA81412.jpg,0,0,0,0,,,,,,,,{}
101701,A-1 PRODUCTS Adapter Straight #10 Flare 1/2in NPT,,Maharashtra,India,USD,Electronic Accessories,Laptop Bags & Sleeves,AAA81610,6.99,6.99,USA,A1P81610,Auto Mobile parts,Fitting - Adapter - Straight - 10 AN Male to 1/2 in NPT Male - Aluminum - Blue Anodized - Each,"AN male to NPT male adapter
Aluminum fitting adapter
Blue anodized fitting adapter
Straight fitting adapter
High-quality fitting adapter","1. Connect your 10 AN male fitting to a 1/2 in NPT male thread with our straight fitting adapter. Made of high-quality aluminum with a blue anodized finish, each piece is sold individually for your convenience.",Anything,3,,,A-1 PRODUCTS,New,,Thu Feb 01 2024 11:35:44 GMT+0530 (India Standard Time),,products/28bcbf63-310e-4d73-a7d8-dd837c6d8b8d_1706677617971_AAA81610.jpg,0,0,0,0,,,,,,,,{}
101699,A-1 PRODUCTS Alum.Tube 9in 5/8 Thrd. ,,Maharashtra,India,USD,Electronic Accessories,Laptop Bags & Sleeves,AAA12000-09,11.99,11.99,USA,A1-12000-09,Auto Mobile parts,Suspension Tube - 7/8 in OD - 9 in Long - 5/8-18 in Female Thread - Aluminum - Gold Anodized - Each,Suspension Tube - 7/8 in OD - 9 in Length - Aluminum - Gold Anodized,"Upgrade your suspension system with this high-quality 7/8 in OD suspension tube, 9 inches in length, made of aluminum and gold anodized for durability and style.",Anything,1,,,A-1 PRODUCTS,New,,Thu Feb 01 2024 11:35:44 GMT+0530 (India Standard Time),,products/2451c768-be19-4e73-97bf-d8da837bf56d_1706677617819_AAA12000-09.jpg,0,0,0,0,,,,,,,,{}
101681,A-1 PRODUCTS Coil Nut  Alum. ,,Maharashtra,India,USD,Electronic Accessories,Laptop Bags & Sleeves,AAA12460,16.99,16.99,USA,A1-12460,Auto Mobile parts,Coil-Over Adjuster Nut - 2-1/2 in ID Springs - Aluminum - Gold Anodized - Universal - Each,Coil-Over Adjuster Nut - 2.5 in ID Springs - Aluminum - Gold Anodized - Universal,"Upgrade your suspension with this high-quality coil-over adjuster nut. Made from aluminum with a gold anodized finish, it's compatible with 2.5 in ID springs and fits universal applications.",Anything,9,,,A-1 PRODUCTS,New,,Wed Jan 31 2024 10:36:56 GMT+0530 (India Standard Time),,products/ccebc5c4-59b6-45ae-bd42-4c17c8fcb515_1706677617949_AAA12460.jpg,0,0,0,0,,,,,,,,{}
101698,A-1 PRODUCTS Hose End #12 120 Degree Swivel,,Maharashtra,India,USD,Electronic Accessories,Laptop Bags & Sleeves,AAA01212,27.99,27.99,USA,A1P01212,Auto Mobile parts,Fitting - Hose End - 200 Series - 120 Degree - 12 AN Hose to 12 AN Female - Aluminum - Blue / Red Anodized - Each,"fitting, hose end, 200 series, 120 degree, 12 AN hose, 12 AN female, aluminum, blue, red anodized, each","Easily connect your hoses at a 120-degree angle using our high-quality 200 series hose end fitting. Featuring 12 AN hose to 12 AN female connections, this fitting is made of aluminum and is available in blue or red anodized finishes.",Anything,0,,Parts,A-1 PRODUCTS,New,,Thu Feb 01 2024 11:32:54 GMT+0530 (India Standard Time),,products/ee90da95-1257-4f2b-acb4-c4bef31afe5f_1706677617735_AAA01212.jpg,0,0,0,0,,,,,,,,{}
101704,A-1 PRODUCTS 2.5in C/O Kit Pro Slotted 7in Sleeve,,Maharashtra,India,USD,Electronic Accessories,Laptop Bags & Sleeves,AAA12425,58.99,58.99,USA,A1-12425,Auto Mobile parts,Coil-Over Kit - 2.500 in ID Spring - 7 in Sleeve - Aluminum - Black / Gold Anodized - Pro Shocks 2 in Shocks - Kit,Coil-Over Kit - 2.5 in ID Spring - 7 in Sleeve - Pro Shocks 2 in Shocks,"Upgrade your vehicle's suspension with this top-quality coil-over kit, featuring a 2.5 in ID spring and a 7 in sleeve, paired with Pro Shocks 2 in shocks for maximum performance.",Anything,18,,,A-1 PRODUCTS,New,,Thu Feb 01 2024 11:32:54 GMT+0530 (India Standard Time),,products/60d66a08-91a7-4cdb-9a19-e05c0f1e46de_1706677617758_AAA12425.jpg,0,0,0,0,,,,,,,,{}
101718,A-1 PRODUCTS Steel 3/8in-24 Banjo Bolt .709in Long,,Maharashtra,India,USD,Electronic Accessories,Laptop Bags & Sleeves,AAA77503,5.99,5.99,USA,A1P77503,Auto Mobile parts,Banjo Bolt - Single Banjo - 3/8-24 in Thread - Steel - Cadmium - Each,"Banjo Bolt, Single Banjo, 3/8-24 in thread, Steel, Cadmium, Durable, High-quality, Perfect for applications.",High-quality Banjo Bolt in Single Banjo style with a 3/8-24 in thread and made of durable steel with cadmium finish. Perfect for a wide range of applications.,Anything,1,,,A-1 PRODUCTS,New,,Thu Feb 01 2024 11:33:02 GMT+0530 (India Standard Time),,products/d5c084b1-13bc-4011-bb53-48647e27a441_1706677617869_AAA77503.jpg,0,0,0,0,,,,,,,,{}
101724,A-1 PRODUCTS Adapter Straight #6 Flare 1/4in NPT,,Maharashtra,India,USD,Electronic Accessories,Laptop Bags & Sleeves,AAA81606,4.99,4.99,USA,A1P81606,Auto Mobile parts,Fitting - Adapter - Straight - 6 AN Male to 1/4 in NPT Male - Aluminum - Blue Anodized - Each,"AN male to NPT male adapter
Aluminum fitting adapter
Blue anodized fitting adapter
Straight fitting adapter
High-quality fitting adapter","1. Connect your 6 AN male fitting to a 1/4 in NPT male thread with ease using our straight fitting adapter. Made of durable aluminum with a blue anodized finish, each piece is sold individually.",Anything,1,,,A-1 PRODUCTS,New,,Thu Feb 01 2024 11:33:02 GMT+0530 (India Standard Time),,products/3b976d1a-3368-4a97-a0de-b92c0c258f20_1706677617899_AAA81606.jpg,0,0,0,0,,,,,,,,{}
101697,A-1 PRODUCTS Hose End #4 Straight ,,Maharashtra,India,USD,Electronic Accessories,Laptop Bags & Sleeves,AAA0000421,11.99,11.99,USA,A1P00004,Auto Mobile parts,Fitting - Hose End - 200 Series - Straight - 4 AN Hose to 4 AN Female - Aluminum - Blue / Red Anodized - Each,"fitting, hose end, 200 series, straight, 4 AN hose, 4 AN female, aluminum, blue, red anodized, each","Connect your hoses with ease using our high-quality 200 series straight hose end fitting. Featuring 4 AN hose to 4 AN female connections, this fitting is made of aluminum and is available in blue or red anodized finishes1.""",Anything,3,,Parts,A-1 PRODUCTS,New,,Wed Jan 31 2024 10:36:56 GMT+0530 (India Standard Time),,products/2992a4bd-6057-4267-bff6-974b751d9170_1706677617755_AAA00004.jpg,0,0,0,0,,,,,,,,{}
101713,A-1 PRODUCTS Adapter Straight #4 Flare 1/4in NPT,,Maharashtra,India,USD,Electronic Accessories,Laptop Bags & Sleeves,AAA81644,5.99,5.99,USA,A1P81644,Auto Mobile parts,Fitting - Adapter - Straight - 4 AN Male to 1/4 in NPT Male - Aluminum - Blue Anodized - Each,"AN male to NPT male adapter
Aluminum fitting adapter
Blue anodized fitting adapter
Straight fitting adapter
High-quality fitting adapter","Get a secure and stylish connection for your 4 AN male fitting to a 1/4 in NPT male thread with our straight fitting adapter. Made of lightweight and durable aluminum with a blue anodized finish, each piece is sold individually.",Anything,1,,,A-1 PRODUCTS,New,,Wed Jan 31 2024 10:36:56 GMT+0530 (India Standard Time),,,0,0,0,0,,,,,,,,{}
101691,A-1 PRODUCTS Hose End #6 120 Degree Swivel,,Maharashtra,India,USD,Electronic Accessories,Laptop Bags & Sleeves,AAA01206,16.99,16.99,USA,A1P01206,Auto Mobile parts,Fitting - Hose End - 200 Series - 120 Degree - 6 AN Hose to 6 AN Female - Aluminum - Blue / Red Anodized - Each,"fitting, hose end, 200 series, 120 degree, 6 AN hose, 6 AN female, aluminum, blue, red anodized, each","Easily connect your hoses at a 120-degree angle using our high-quality 200 series hose end fitting. Featuring 6 AN hose to 6 AN female connections, this fitting is made of aluminum and is available in blue or red anodized finishes.",Anything,1,,Parts,A-1 PRODUCTS,New,,Thu Feb 01 2024 11:33:02 GMT+0530 (India Standard Time),,products/3c60e7d6-f902-4b62-92df-3dec14ee4f2c_1706677617864_AAA01206.jpg,0,0,0,0,,,,,,,,{}
101673,A-1 PRODUCTS 1/2 to 3/8 Reducer Bushi ,,Maharashtra,India,USD,Electronic Accessories,Laptop Bags & Sleeves,AAA10460,3.34,3.34,USA,A1-10460,Auto Mobile parts,Reducer Bushing - 1/2 in OD to 3/8 in ID - Each,"reducer bushing, 1/2 in OD, 3/8 in ID, each",Reduce the size of your fittings with this high-quality reducer bushing. This bushing features a 1/2 in OD to 3/8 in ID reduction and is sold individually.,Anything,25,,Parts,A-1 PRODUCTS,New,,Wed Jan 31 2024 10:36:56 GMT+0530 (India Standard Time),,products/685af51c-f054-44c3-a801-327ad85e3ad2_1706677617917_AAA10460.jpg,0,0,0,0,,,,,,,,{}
101716,A-1 PRODUCTS Adapter Straight #10 Flare 3/8in NPT,,Maharashtra,India,USD,Electronic Accessories,Laptop Bags & Sleeves,AAA81611,7.99,7.99,USA,A1P81611,Auto Mobile parts,Fitting - Adapter - Straight - 10 AN Male to 3/8 in NPT Male - Aluminum - Blue Anodized - Each,"AN male to NPT male adapter
Aluminum fitting adapter
Blue anodized fitting adapter
Straight fitting adapter
High-quality fitting adapter","Our 10 AN male to 3/8 in NPT male straight fitting adapter is perfect for your aluminum piping needs. Each piece is lightweight, durable, and stylish with a blue anodized finish. Order yours today!",Anything,1,,,A-1 PRODUCTS,New,,Wed Jan 31 2024 10:36:56 GMT+0530 (India Standard Time),,products/534bbf1a-adaf-4028-b670-de819a15c7cf_1706677617910_AAA81611.jpg,0,0,0,0,,,,,,,,{}
101738,A-1 PRODUCTS AN-10 Poly Washer 2pcs ,,Maharashtra,India,USD,Electronic Accessories,Laptop Bags & Sleeves,AAA250410,5.99,5.99,USA,A1P250410,Auto Mobile parts,Sealing Washer - 10 AN - Nylon - Pair,"10 AN Sealing Washer, Nylon Sealing Washer, Pair of Sealing Washers",A pair of 10 AN Nylon Sealing Washers for a leak-free seal in your fluid system. High-quality construction ensures durability and longevity.,Anything,7,,,A-1 PRODUCTS,New,,Wed Jan 31 2024 10:36:56 GMT+0530 (India Standard Time),,products/3e18fed4-0fea-4613-8214-73d1f9d42d32_1706677617882_AAA250410.jpg,0,0,0,0,,,,,,,,{}
101674,A-1 PRODUCTS Hose End #16 90 Degree Swivel,,Maharashtra,India,USD,Electronic Accessories,Laptop Bags & Sleeves,AAA09016,45.99,45.99,USA,A1P09016,Auto Mobile parts,Fitting - Hose End - 200 Series - 90 Degree - 16 AN Hose to 16 AN Female - Aluminum - Blue / Red Anodized - Each,"fitting, hose end, 200 series, 90 degree, 16 AN hose, 16 AN female, aluminum, blue, red anodized, each","Easily connect your hoses at a 90-degree angle using our high-quality 200 series hose end fitting. Featuring 16 AN hose to 16 AN female connections, this fitting is made of aluminum and is available in blue or red anodized finishes.",Anything,1,,Parts,A-1 PRODUCTS,New,,Thu Feb 01 2024 11:33:02 GMT+0530 (India Standard Time),,products/0c3c2acc-9347-4ea4-8365-c40df693fa50_1706677617855_AAA09016.jpg,0,0,0,0,,,,,,,,{}
101676,A-1 PRODUCTS Hose End #10 Straight ,,Maharashtra,India,USD,Electronic Accessories,Laptop Bags & Sleeves,AAA00010,12.99,12.99,USA,A1P00010,Auto Mobile parts,Fitting - Hose End - 200 Series - Straight - 10 AN Hose to 10 AN Female - Aluminum - Blue / Red Anodized - Each,"fitting, hose end, 200 series, straight, 10 AN hose, 10 AN female, aluminum, blue, red anodized, each","Connect your hoses with ease using our high-quality 200 series straight hose end fitting. Featuring 10 AN hose to 10 AN female connections, this fitting is made of aluminum and is available in blue or red anodized finishes.""",Anything,5,,Parts,A-1 PRODUCTS,New,,Thu Feb 01 2024 11:33:02 GMT+0530 (India Standard Time),,products/86277856-b4c1-42b1-8a03-b2cbf9279969_1706677617720_AAA00010.jpg,0,0,0,0,,,,,,,,{}
101728,A-1 PRODUCTS Coil Top Carrera ,,Maharashtra,India,USD,Electronic Accessories,Laptop Bags & Sleeves,AAA12465,17.99,17.99,USA,A1-12465,Auto Mobile parts,Coil-Over Spring Seat - 2-1/2 in ID Springs - Drilled - Aluminum - Gold Anodized - Bilstein / Carrera Shocks - Each,Coil-Over Spring Seat - 2-1/2 in ID Springs - Drilled - Aluminum - Gold Anodized - Bilstein / Carrera Shocks ,Get the perfect fit for your 2-1/2 inch ID springs with our drilled aluminum Coil-Over Spring Seat in Gold Anodized finish. Compatible with Bilstein and Carrera shocks. Order now!,Anything,2,,,A-1 PRODUCTS,New,,Wed Jan 31 2024 10:36:56 GMT+0530 (India Standard Time),,products/093efa35-7892-480e-956f-932e414df577_1706677617787_AAA12465.jpg,0,0,0,0,,,,,,,,{}
101735,A-1 PRODUCTS Hose End #10 90 Degree Swivel,,Maharashtra,India,USD,Electronic Accessories,Laptop Bags & Sleeves,AAA09010,20.99,20.99,USA,A1P09010,Auto Mobile parts,Fitting - Hose End - 200 Series - 90 Degree - 10 AN Hose to 10 AN Female - Aluminum - Blue / Red Anodized - Each,"fitting, hose end, 200 series, 90 degree, 10 AN hose, 10 AN female, aluminum, blue, red anodized, each","Easily connect your hoses at a 90-degree angle using our high-quality 200 series hose end fitting. Featuring 10 AN hose to 10 AN female connections, this fitting is made of aluminum and is available in blue or red anodized finishes.",Anything,8,,Parts,A-1 PRODUCTS,New,,Wed Jan 31 2024 10:36:56 GMT+0530 (India Standard Time),,products/58a1e7c9-ba38-49ff-96d6-b1125cfcac67_1706677617770_AAA09010.jpg,0,0,0,0,,,,,,,,{}
101705,A-1 PRODUCTS 2.5in C/O Kit Bilstein 5in Sleeve,,Maharashtra,India,USD,Electronic Accessories,Laptop Bags & Sleeves,AAA12435,51.99,51.99,USA,A1-12435,Auto Mobile parts,Coil-Over Kit - 2.500 in ID Spring - 5 in Sleeve - Aluminum - Black / Gold Anodized - Bilstein 1-7/8 in Shocks - Kit,Coil-Over Kit - 2.5 in ID Spring - 5 in Sleeve - Bilstein 1-7/8 in Shocks,"Improve your vehicle's handling with this high-performance coil-over kit, featuring a 2.5 in ID spring and a 5 in sleeve, paired with Bilstein 1-7/8 in shocks for optimal performance.",Anything,0,,,A-1 PRODUCTS,New,,Thu Feb 01 2024 11:33:02 GMT+0530 (India Standard Time),,products/59032420-d6e5-45ce-a853-0fae0fc4e756_1706677617768_AAA12435.jpg,0,0,0,0,,,,,,,,{}
101708,A-1 PRODUCTS Adapter Straight #8 Flare 3/8in NPT,,Maharashtra,India,USD,Electronic Accessories,Laptop Bags & Sleeves,AAA81608,5.99,5.99,USA,A1P81608,Auto Mobile parts,Fitting - Adapter - Straight - 8 AN Male to 3/8 in NPT Male - Aluminum - Blue Anodized - Each,"AN male to NPT male adapter
Aluminum fitting adapter
Blue anodized fitting adapter
Straight fitting adapter
High-quality fitting adapter","1. Get a secure and stylish connection for your 8 AN male fitting to a 3/8 in NPT male thread with our straight fitting adapter. Made of high-quality aluminum with a blue anodized finish, each piece is sold individually.",Anything,12,,,A-1 PRODUCTS,New,,Thu Feb 01 2024 11:33:02 GMT+0530 (India Standard Time),,products/87a6a4c4-c256-4457-b732-c690eb431aea_1706677618147_AAA81608.jpg,0,0,0,0,,,,,,,,{}
101694,A-1 PRODUCTS Hose End #8 Straight ,,Maharashtra,India,USD,Electronic Accessories,Laptop Bags & Sleeves,AAA00008123,9.99,9.99,USA,A1P00008,Auto Mobile parts,Fitting - Hose End - 200 Series - Straight - 8 AN Hose to 8 AN Female - Aluminum - Blue / Red Anodized - Each,"fitting, hose end, 200 series, straight, 8 AN hose, 8 AN female, aluminum, blue, red anodized, each","Connect your hoses with ease using our high-quality 200 series straight hose end fitting. Featuring 8 AN hose to 8 AN female connections, this fitting is made of aluminum and is available in blue or red anodized finishes.""",Anything,20,,Parts,A-1 PRODUCTS,New,,Thu Feb 01 2024 11:35:04 GMT+0530 (India Standard Time),,products/5e306a08-2312-4a99-953d-d3e1fe2aa5aa_1706677617904_AAA00008.jpg,0,0,0,0,,,,,,,,{}
101711,A-1 PRODUCTS #10 Flare/#10 Flare Unio ,,Maharashtra,India,USD,Electronic Accessories,Laptop Bags & Sleeves,AAA81510,7.99,7.99,USA,A1P81510,Auto Mobile parts,Fitting - Adapter - Straight - 10 AN Male to 10 AN Male - Aluminum - Blue Anodized - Each,"AN male to NPT male adapter
Aluminum fitting adapter
Blue anodized fitting adapter
Straight fitting adapter
High-quality fitting adapter","Our 10 AN male to 10 AN male straight fitting adapter is the perfect solution for your aluminum piping needs. Each piece is blue anodized for durability and style, and sold individually. Get yours today!",Anything,1,,,A-1 PRODUCTS,New,,Thu Feb 01 2024 11:35:13 GMT+0530 (India Standard Time),,products/ada47fb9-1df0-4e48-a3cf-86e40a173550_1706677617862_AAA81510.jpg,0,0,0,0,,,,,,,,{}
101726,A-1 PRODUCTS 3/4 to 5/8 Reducer Bushi ,,Maharashtra,India,USD,Electronic Accessories,Laptop Bags & Sleeves,AAA10475,2.49,2.49,USA,A1-10475,Auto Mobile parts,Reducer Bushing - 3/4 in OD to 5/8 in ID - Each,"reducer bushing, 3/4 in OD, 5/8 in ID, each",Reduce the size of your fittings with this high-quality reducer bushing. This bushing features a 3/4 in OD to 5/8 in ID reduction and is sold individually.,Anything,3,,Parts,A-1 PRODUCTS,New,,Thu Feb 01 2024 11:35:32 GMT+0530 (India Standard Time),,products/55d7b3a2-18ae-4a6b-a461-5338a9a9371c_1706677617752_AAA10475.jpg,0,0,0,0,,,,,,,,{}
101734,A-1 PRODUCTS Hose End #6 90 Degree Swivel,,Maharashtra,India,USD,Electronic Accessories,Laptop Bags & Sleeves,AAA09006,15.99,15.99,USA,A1P09006,Auto Mobile parts,Fitting - Hose End - 200 Series - 90 Degree - 6 AN Hose to 6 AN Female - Aluminum - Blue / Red Anodized - Each,"fitting, hose end, 200 series, 90 degree, 6 AN hose, 6 AN female, aluminum, blue, red anodized, each",Easily connect your hoses at a 90-degree angle using our high-quality 200 series hose end fitting. Featuring 6 AN hose to 6 AN female connections this fitting is made of aluminum and is available in blue or red anodized finishes.,Anything,8,,Parts,A-1 PRODUCTS,New,,Thu Feb 01 2024 11:35:32 GMT+0530 (India Standard Time),,products/692e2354-633b-45be-aabc-e7c2c1c171a3_1706677617866_AAA09006.jpg,0,0,0,0,,,,,,,,{}
101677,A-1 PRODUCTS Wheel Adp.5x5 > Wide 5 ,,Maharashtra,India,USD,Electronic Accessories,Laptop Bags & Sleeves,AAA12810,74.99,74.99,USA,A1-12810,Auto Mobile parts,Wheel Adapter - 5 x 5.00 in Hub to Wide 5 Wheel - 5/8-11 in Stud Thread - 3/8 in Thick - Aluminum - Each,Wheel Adapter - 5 x 5.00 in Hub to Wide 5 Wheel - 5/8-11 in Stud Thread - 3/8 in Thick - Aluminum - Each,"Easily upgrade your wheel with our Wheel Adapter. 5 x 5.00 inch hub to Wide 5 wheel, with 5/8-11 inch stud thread and 3/8 inch thickness. Made from aluminum. Order now!",Anything,3,,,A-1 PRODUCTS,New,,Wed Jan 31 2024 10:36:56 GMT+0530 (India Standard Time),,products/833ead65-7f63-460f-b908-6796484a163c_1706677617824_AAA12810.jpg,0,0,0,0,,,,,,,,{}
101717,A-1 PRODUCTS Adapter Straight #8 Flare 1/2in NPT,,Maharashtra,India,USD,Electronic Accessories,Laptop Bags & Sleeves,AAA81688,6.99,6.99,USA,A1P81688,Auto Mobile parts,Fitting - Adapter - Straight - 8 AN Male to 1/2 in NPT Male - Aluminum - Blue Anodized - Each,"AN male to NPT male adapter
Aluminum fitting adapter
Blue anodized fitting adapter
Straight fitting adapter
High-quality fitting adapter",Get a secure and stylish connection for your 8 AN male fitting to a 1/2 in NPT male thread with our straight fitting adapter.,Anything,2,,,A-1 PRODUCTS,New,,Wed Jan 31 2024 10:36:56 GMT+0530 (India Standard Time),,products/653fd190-2e82-4fac-b80e-6d8e6f74a47f_1706677617856_AAA81688.jpg,0,0,0,0,,,,,,,,{}
101700,A-1 PRODUCTS Adapter Straight #6 Flare 1/2in NPT,,Maharashtra,India,USD,Electronic Accessories,Laptop Bags & Sleeves,AAA81668,4.99,4.99,USA,A1P81668,Auto Mobile parts,Fitting - Adapter - Straight - 6 AN Male to 1/2 in NPT Male - Aluminum - Blue Anodized - Each,"AN male to NPT male adapter
Aluminum fitting adapter
Blue anodized fitting adapter
Straight fitting adapter
High-quality fitting adapter","Connect your 6 AN male fitting to a 1/2 in NPT male thread with ease using our straight fitting adapter. Made of lightweight and sturdy aluminum with a blue anodized finish, each piece is sold individually.",Anything,7,,,A-1 PRODUCTS,New,,Thu Feb 01 2024 11:35:32 GMT+0530 (India Standard Time),,products/c9722f90-6323-4814-b3db-861ca61fb2aa_1706677617988_AAA81668.jpg,0,0,0,0,,,,,,,,{}
101683,A-1 PRODUCTS Adapter Straight #3 Flare 1/8in NPT,,Maharashtra,India,USD,Electronic Accessories,Laptop Bags & Sleeves,AAA81603,4.99,4.99,USA,A1P81603,Auto Mobile parts,Fitting - Adapter - Straight - 3 AN Male to 1/8 in NPT Male - Aluminum - Blue Anodized - Each,"AN male to NPT male adapter
Aluminum fitting adapter
Blue anodized fitting adapter
Straight fitting adapter
High-quality fitting adapter","Need to connect your 3 AN male fitting to a 1/8 in NPT male thread? Our straight fitting adapter is made of lightweight and sturdy aluminum, with a blue anodized finish. Order one for your project now!",Anything,4,,,A-1 PRODUCTS,New,,Thu Feb 01 2024 11:35:32 GMT+0530 (India Standard Time),,products/9bb2c4a9-01af-4e3c-8708-6cea0f913ce9_1706677617927_AAA81603.jpg,0,0,0,0,,,,,,,,{}
101670,A-1 PRODUCTS Wheel Adp.5x4.75 > Wide  ,,Maharashtra,India,USD,Electronic Accessories,Laptop Bags & Sleeves,AAA12805,75.99,75.99,USA,A1-12805,Auto Mobile parts,Wheel Adapter - 5 x 4.75 in Hub to Wide 5 Wheel - 5/8-11 in Stud Thread - 3/8 in Thick - Aluminum - Each,Wheel Adapter - 5 x 4.75 in Hub to Wide 5 Wheel - 5/8-11 in Stud Thread - 3/8 in Thick - Aluminum - Each,"Easily upgrade your wheel with our Wheel Adapter. 5 x 4.75 inch hub to Wide 5 wheel, with 5/8-11 inch stud thread and 3/8 inch thickness. Made from aluminum. Order now!",Anything,1,,,A-1 PRODUCTS,New,,Thu Feb 01 2024 11:35:13 GMT+0530 (India Standard Time),,products/1a769818-06bc-4e49-9c81-a123b63b1d83_1706677617991_AAA12805.jpg,0,0,0,0,,,,,,,,{}
101696,A-1 PRODUCTS 7/16-24 to #3 Stl Invert Male Flare Adapter,,Maharashtra,India,USD,Electronic Accessories,Laptop Bags & Sleeves,AAA1071603,6.99,6.99,USA,A1P1071603,Auto Mobile parts,Fitting - Adapter - Straight - 3 AN Male to 7/16-24 in Inverted Flare Male - Steel - Cadmium - Hardline - Each,"fitting, adapter, straight, 3 AN male, 7/16-24 in inverted flare male, steel, cadmium, hardline, each","Connect your hoses with ease using our straight adapter fitting. This fitting features a 3 AN male to 7/16-24 in inverted flare male connection, is made of steel with a cadmium finish, and is ideal for hardline.",Anything,2,,Parts,A-1 PRODUCTS,New,,Thu Feb 01 2024 11:35:23 GMT+0530 (India Standard Time),,products/767a09d3-1ade-443c-abc0-f78017f5d464_1706677617888_AAA1071603.jpg,0,0,0,0,,,,,,,,{}
101723,A-1 PRODUCTS AN-8 Poly Washer 2pcs ,,Maharashtra,India,USD,Electronic Accessories,Laptop Bags & Sleeves,AAA250408,4.99,4.99,USA,A1P250408,Auto Mobile parts,Sealing Washer - 8 AN - Nylon - Pair,"8 AN Sealing Washer, Nylon Sealing Washer, Pair of Sealing Washers",A pair of 8 AN Nylon Sealing Washers for a leak-free seal in your fluid system. High-quality construction ensures durability and longevity.,Anything,34,,,A-1 PRODUCTS,New,,Thu Feb 01 2024 11:35:23 GMT+0530 (India Standard Time),,products/d52269ac-ced9-423d-aebd-b37df5201e00_1706677617959_AAA250408.jpg,0,0,0,0,,,,,,,,{}
101729,A-1 PRODUCTS Hose End #6 45 Degree Swivel,,Maharashtra,India,USD,Electronic Accessories,Laptop Bags & Sleeves,AAA04506,15.99,15.99,USA,A1P04506,Auto Mobile parts,Fitting - Hose End - 200 Series - 45 Degree - 6 AN Hose to 6 AN Female - Aluminum - Blue / Red Anodized - Each,"fitting, hose end, 200 series, 45 degree, 6 AN hose, 6 AN female, aluminum, blue, red anodized, each","Easily connect your hoses at a 45-degree angle using our high-quality 200 series hose end fitting. Featuring 6 AN hose to 6 AN female connections, this fitting is made of aluminum and is available in blue or red anodized finishes",Anything,3,,Parts,A-1 PRODUCTS,New,,Thu Feb 01 2024 11:35:23 GMT+0530 (India Standard Time),,products/5ccdfbe7-d641-40f7-81d3-e27f595de97c_1706677617928_AAA04506.jpg,0,0,0,0,,,,,,,,{}
101730,A-1 PRODUCTS 2.5in C/O Kit Bilstein 7in Sleeve,,Maharashtra,India,USD,Electronic Accessories,Laptop Bags & Sleeves,AAA12436,58.99,58.99,USA,A1-12436,Auto Mobile parts,Coil-Over Kit - 2.500 in ID Spring - 7 in Sleeve - Aluminum - Black / Gold Anodized - Bilstein 1-7/8 in Shocks - Kit,Bilstein 1-7/8 inch Shocks Aluminum Coil-Over Kit,"Improve your ride quality with this aluminum coil-over kit, featuring 2.500 inch ID springs, 7 inch sleeves, and Bilstein 1-7/8 inch shocks in a black/gold anodized finish.""",Anything,1,,,A-1 PRODUCTS,New,,Thu Feb 01 2024 11:35:23 GMT+0530 (India Standard Time),,products/c9ec1506-181a-49cf-bd65-cbfb94db25c3_1706677617914_AAA12436.jpg,0,0,0,0,,,,,,,,{}
101737,A-1 PRODUCTS Adapter Straight #16 Flare 3/4in NPT,,Maharashtra,India,USD,Electronic Accessories,Laptop Bags & Sleeves,AAA81615,21.99,21.99,USA,A1P81615,Auto Mobile parts,Fitting - Adapter - Straight - 16 AN Male to 3/4 in NPT Male - Aluminum - Blue Anodized - Each,"AN male to NPT male adapter
Aluminum fitting adapter
Blue anodized fitting adapter
Straight fitting adapter
High-quality fitting adapter","Our 16 AN male to 3/4 in NPT male straight fitting adapter is the perfect solution for your piping needs. Made of high-quality aluminum with a blue anodized finish, each piece is sold individually.",Anything,1,,,A-1 PRODUCTS,New,,Thu Feb 01 2024 11:35:23 GMT+0530 (India Standard Time),,products/f705a28b-3aa1-4c17-961c-cc81401f491b_1706677617854_AAA81615.jpg,0,0,0,0,,,,,,,,{}
101721,A-1 PRODUCTS #6 AN Aluminum Tube Nut 5pk,,Maharashtra,India,USD,Electronic Accessories,Laptop Bags & Sleeves,AAA81806,8.99,8.99,USA,A1P81806,Auto Mobile parts,Fitting - Tube Nut - 6 AN - 3/8 in Tube - Aluminum - Blue Anodized - Set of 5,"Fitting tube nut
6 AN size
3/8 inch tube
Aluminum construction
Blue anodized finish
Set of 5","Upgrade your fluid system with our high-quality Fitting Tube Nut set. Made of durable aluminum and featuring a stylish blue anodized finish, these 6 AN size nuts fit perfectly onto 3/8 inch tubes. This set of 5 ensures you have everything you need to make a secure connection for your hoses or pipes. Order now and enjoy the quality and reliability of our products.",Anything,1,,,A-1 PRODUCTS,New,,Thu Feb 01 2024 11:35:23 GMT+0530 (India Standard Time),,products/fc876b05-7224-4a58-ad48-b963b40c0780_1706677617855_AAA81806.jpg,0,0,0,0,,,,,,,,{}
101736,A-1 PRODUCTS #4 to 7/16-20 Steel Adapter,,Maharashtra,India,USD,Electronic Accessories,Laptop Bags & Sleeves,AAA1050032,5.99,5.99,USA,A1P1050032,Auto Mobile parts,Fitting - Adapter - Straight - 4 AN Male to 7/16-20 in Male - Crush Washer - Steel - Cadmium - Each,"fitting, adapter, straight, 4 AN male, 7/16-20 in male, crush washer, steel, cadmium, each","Connect your hoses with ease using our straight adapter fitting. This fitting features a 4 AN male to 7/16-20 in male connection, comes with a crush washer, and is made of steel with a cadmium finish.",Anything,1,,Parts,A-1 PRODUCTS,New,,Thu Feb 01 2024 11:35:23 GMT+0530 (India Standard Time),,products/08ecf047-57ce-408c-a921-2ab3c784d2c0_1706677617820_AAA1050032.jpg,0,0,0,0,,,,,,,,{}
101715,A-1 PRODUCTS Hose End #10 45 Degree Swivel,,Maharashtra,India,USD,Electronic Accessories,Laptop Bags & Sleeves,AAA04510,22.99,22.99,USA,A1P04510,Auto Mobile parts,Fitting - Hose End - 200 Series - 45 Degree - 10 AN Hose to 10 AN Female - Aluminum - Blue / Red Anodized - Each,"fitting, hose end, 200 series, 45 degree, 10 AN hose, 10 AN female, aluminum, blue, red anodized, each","Easily connect your hoses at a 45-degree angle using our high-quality 200 series hose end fitting. Featuring 10 AN hose to 10 AN female connections, this fitting is made of aluminum and is available in blue or red anodized finishes.",Anything,3,,Parts,A-1 PRODUCTS,New,,Thu Feb 01 2024 11:35:32 GMT+0530 (India Standard Time),,products/0a1ee1bf-6c23-40ce-9a56-55cb9abf6b51_1706677617749_AAA04510.jpg,0,0,0,0,,,,,,,,{}
101702,A-1 PRODUCTS Adapter Straight #6 Flare 1/8in NPT,,Maharashtra,India,USD,Electronic Accessories,Laptop Bags & Sleeves,AAA81662,4.99,4.99,USA,A1P81662,Auto Mobile parts,Fitting - Adapter - Straight - 6 AN Male to 1/8 in NPT Male - Aluminum - Blue Anodized - Each,"AN male to NPT male adapter
Aluminum fitting adapter
Blue anodized fitting adapter
Straight fitting adapter
High-quality fitting adapter","Connect your 6 AN male fitting to a 1/8 in NPT male thread with our straight fitting adapter. Made of high-quality aluminum with a blue anodized finish, each piece is sold individually for your convenience.",Anything,2,,,A-1 PRODUCTS,New,,Thu Feb 01 2024 11:35:32 GMT+0530 (India Standard Time),,products/65e2ed49-994d-4a26-a9bc-46dc9300e865_1706677617842_AAA81662.jpg,0,0,0,0,,,,,,,,{}
101712,A-1 PRODUCTS 3/8-24 to #3 Stl Invertd Male Flare Adapter,,Maharashtra,India,USD,Electronic Accessories,Laptop Bags & Sleeves,AAA1032403,6.99,6.99,USA,A1P1032403,Auto Mobile parts,Fitting - Adapter - Straight - 3 AN Male to 3/8-24 in Inverted Flare Male - Steel - Cadmium - 3/16 in Hardline - Each,"fitting, adapter, straight, 3 AN male, 3/8-24 in inverted flare male, steel, cadmium, 3/16 in hardline, each","Connect your hoses with ease using our straight adapter fitting. This fitting features a 3 AN male to 3/8-24 in inverted flare male connection, made of steel with a cadmium finish and is ideal for 3/16 in hardline.",Anything,12,,Parts,A-1 PRODUCTS,New,,Thu Feb 01 2024 11:35:32 GMT+0530 (India Standard Time),,products/f310d671-3a69-4cfc-b32a-f963e2c9159e_1706677617938_AAA1032403.jpg,0,0,0,0,,,,,,,,{}
101685,A-1 PRODUCTS Hose End #12 45 Degree Swivel,,Maharashtra,India,USD,Electronic Accessories,Laptop Bags & Sleeves,AAA04512,24.99,24.99,USA,A1P04512,Auto Mobile parts,Fitting - Hose End - 200 Series - 45 Degree - 12 AN Hose to 12 AN Female - Aluminum - Blue / Red Anodized - Each,"fitting, hose end, 200 series, 45 degree, 12 AN hose, 12 AN female, aluminum, blue, red anodized, each","Easily connect your hoses at a 45-degree angle using our high-quality 200 series hose end fitting. Featuring 12 AN hose to 12 AN female connections, this fitting is made of aluminum and is available in blue or red anodized finishes.",Anything,5,,Parts,A-1 PRODUCTS,New,,Thu Feb 01 2024 11:35:32 GMT+0530 (India Standard Time),,products/7ab19f0e-a9ff-4135-938a-62ed7340926a_1706677617898_AAA04512.jpg,0,0,0,0,,,,,,,,{}
101706,A-1 PRODUCTS #8 O-Ring Boss Plug ,,Maharashtra,India,USD,Electronic Accessories,Laptop Bags & Sleeves,AAA81408,5.99,5.99,USA,A1P81408,Auto Mobile parts,Fitting - Plug - 8 AN - O-Ring - Hex Head - Aluminum - Blue Anodized - Each,"AN fittings, hex head plugs, aluminum plugs, blue anodized, o-ring seals","Shop our selection of high-quality AN fittings, hex head plugs, aluminum plugs with blue anodized finish and o-ring seals. Available in size 8 AN.Order now!",Anything,2,,,A-1 PRODUCTS,New,,Thu Feb 01 2024 11:35:32 GMT+0530 (India Standard Time),,products/b5814ff4-96fd-42d5-bddd-41fd811e9623_1706677617874_AAA81408.jpg,0,0,0,0,,,,,,,,{}
101727,A-1 PRODUCTS Wheel Adp.5x5.50 > Wide  ,,Maharashtra,India,USD,Electronic Accessories,Laptop Bags & Sleeves,AAA12815,75.99,75.99,USA,A1-12815,Auto Mobile parts,Wheel Adapter - 5 x 5.50 in Hub to Wide 5 Wheel - 5/8-11 in Stud Thread - 3/8 in Thick - Aluminum - Each,Wheel Adapter - 5 x 5.50 in Hub to Wide 5 Wheel - 5/8-11 in Stud Thread - 3/8 in Thick - Aluminum - Each,"Easily upgrade your wheel with our Wheel Adapter. 5 x 5.50 inch hub to Wide 5 wheel, with 5/8-11 inch stud thread and 3/8 inch thickness. Made from aluminum. Order now!",Anything,4,,,A-1 PRODUCTS,New,,Thu Feb 01 2024 11:35:32 GMT+0530 (India Standard Time),,products/f3a8e77d-98ac-403c-ad82-782c4afe49d7_1706677617823_AAA12815.jpg,0,0,0,0,,,,,,,,{}
101692,A-1 PRODUCTS 2.5in C/O Kit Pro Slotted 5in Sleeve,,Maharashtra,India,USD,Electronic Accessories,Laptop Bags & Sleeves,AAA12420,51.99,51.99,USA,A1-12420,Auto Mobile parts,Coil-Over Kit - 2.500 in ID Spring - 5 in Sleeve - Aluminum - Black / Gold Anodized - Pro Shocks 2 in Shocks - Kit,Coil-Over Kit - 2.5 in ID Spring - 5 in Sleeve - Pro Shocks 2 in Shocks,"Improve your vehicle's handling with this high-performance coil-over kit, featuring a 2.5 in ID spring and a 5 in sleeve, paired with Pro Shocks 2 in shocks for optimal performance.",Anything,3,,,A-1 PRODUCTS,New,,Thu Feb 01 2024 11:35:44 GMT+0530 (India Standard Time),,products/f5fad9e2-a6a9-4a58-9d2c-4f52629105e2_1706677617828_AAA12420.jpg,0,0,0,0,,,,,,,,{}
101675,A-1 PRODUCTS 7in Alum. Sleeve ,,Maharashtra,India,USD,Electronic Accessories,Laptop Bags & Sleeves,AAA12455,23.99,23.99,USA,A1-12455,Auto Mobile parts,Coil-Over Sleeve - 7 in Length - Threaded - Aluminum - Black Anodized - 2 in Body Shocks - Each,Threaded Aluminum Coil-Over Sleeve for 2 inch Shocks,"Strengthen your suspension with this 7 inch length threaded aluminum coil-over sleeve, designed for 2 inch body shocks and finished with a sleek black anodized finish.""",Anything,4,,,A-1 PRODUCTS,New,,Thu Feb 01 2024 11:35:44 GMT+0530 (India Standard Time),,products/c471482a-b732-436d-92d4-02272ead2e47_1706677617782_AAA12455.jpg,0,0,0,0,,,,,,,,{}
101689,A-1 PRODUCTS Hose End #6 180 Degree Swivel,,Maharashtra,India,USD,Electronic Accessories,Laptop Bags & Sleeves,AAA01806,26.99,26.99,USA,A1P01806,Auto Mobile parts,Fitting - Hose End - 200 Series - 180 Degree - 6 AN Hose to 6 AN Female - Aluminum - Blue / Red Anodized - Each,"fitting, hose end, 200 series, 180 degree, 6 AN hose, 6 AN female, aluminum, blue, red anodized, each","Easily connect your hoses at a 180-degree angle using our high-quality 200 series hose end fitting. Featuring 6 AN hose to 6 AN female connections, this fitting is made of aluminum and is available in blue or red anodized finishes.",Anything,1,,Parts,A-1 PRODUCTS,New,,Thu Feb 01 2024 11:35:44 GMT+0530 (India Standard Time),,products/979e1cf3-314b-4ee9-acc9-0553f88e13aa_1706677617801_AAA01806.jpg,0,0,0,0,,,,,,,,{}
101725,A-1 PRODUCTS Adapter 90 #3 Flare 1/8in NPT,,Maharashtra,India,USD,Electronic Accessories,Laptop Bags & Sleeves,AAA82203,9.99,9.99,USA,A1P82203,Auto Mobile parts,Fitting - Adapter - 90 Degree - 3 AN Male to 1/8 in NPT Male - Aluminum - Blue Anodized - Each,"Fitting adapter
90 degree angle
Aluminum construction
Blue anodized finish
AN and NPT sizes","Upgrade your fluid system with this high-quality 90 degree fitting adapter. Made of durable aluminum and featuring a stylish blue anodized finish, this adapter ensures a secure connection between 3 AN hoses and 1/8 inch NPT pipes. Perfect for use in various fluid systems such as fuel, oil, or coolant. Order now and enjoy the quality and reliability of our products.",Anything,5,,,A-1 PRODUCTS,New,,Thu Feb 01 2024 11:35:44 GMT+0530 (India Standard Time),,products/a9d6909d-888d-4b3a-937f-7deffe2a0783_1706677618143_AAA82203.jpg,0,0,0,0,,,,,,,,{}
